[
    {
        "model": "demo_database.Side",
        "pk": 1,
        "fields": {
            "code": "CT",
            "name": "Спецназ"
        }
    },
    {
        "model": "demo_database.Side",
        "pk": 2,
        "fields": {
            "code": "TERRORIST",
            "name": "Террористы"
        }
    },
    {
        "model": "demo_database.Map",
        "pk": 1,
        "fields": {
            "name": "de_train"
        }
    },
    {
        "model": "demo_database.Map",
        "pk": 2,
        "fields": {
            "name": "de_dust2"
        }
    },
    {
        "model": "demo_database.Map",
        "pk": 3,
        "fields": {
            "name": "de_mirage"
        }
    },
    {
        "model": "demo_database.Map",
        "pk": 4,
        "fields": {
            "name": "de_nuke"
        }
    },
    {
        "model": "demo_database.Map",
        "pk": 5,
        "fields": {
            "name": "de_anubis"
        }
    },
    {
        "model": "demo_database.Map",
        "pk": 6,
        "fields": {
            "name": "de_ancient"
        }
    },
    {
        "model": "demo_database.Map",
        "pk": 7,
        "fields": {
            "name": "de_inferno"
        }
    },
    {
        "model": "demo_database.Map",
        "pk": 8,
        "fields": {
            "name": "de_vertigo"
        }
    },
    {
        "model": "demo_database.MatchType",
        "pk": 1,
        "fields": {
            "code": 11,
            "name": "Valve Premier",
            "is_elo": 1
        }
    },
    {
        "model": "demo_database.MatchType",
        "pk": 2,
        "fields": {
            "code": 12,
            "name": "Valve Competitive",
            "is_elo": 0
        }
    },
    {
        "model": "demo_database.MatchType",
        "pk": 3,
        "fields": {
            "code": 7,
            "name": "Valve Wingman",
            "is_elo": 0
        }
    },
    {
        "model": "demo_database.MatchType",
        "pk": 4,
        "fields": {
            "code": -1,
            "name": "Other",
            "is_elo": 0
        }
    },
    {
        "model": "demo_database.WinReason",
        "pk": 1,
        "fields": {
            "code": 1,
            "name": "TargetBombed",
            "win_side": 2,
            "image": "winreasons/bomb_exploded.svg"
        }
    },
    {
        "model": "demo_database.WinReason",
        "pk": 2,
        "fields": {
            "code": 2,
            "name": "VIPEscaped",
            "win_side": null
        }
    },
    {
        "model": "demo_database.WinReason",
        "pk": 3,
        "fields": {
            "code": 3,
            "name": "VIPKilled",
            "win_side": null
        }
    },
    {
        "model": "demo_database.WinReason",
        "pk": 4,
        "fields": {
            "code": 4,
            "name": "TerroristsEscaped",
            "win_side": null
            
        }
    },
    {
        "model": "demo_database.WinReason",
        "pk": 5,
        "fields": {
            "code": 5,
            "name": "CTStoppedEscape",
            "win_side": null
        }
    },
    {
        "model": "demo_database.WinReason",
        "pk": 6,
        "fields": {
            "code": 6,
            "name": "TerroristsStopped",
            "image": "winreasons/ct_win.svg"
        }
    },
    {
        "model": "demo_database.WinReason",
        "pk": 7,
        "fields": {
            "code": 7,
            "name": "BombDefused",
            "win_side": 1,
            "image": "winreasons/bomb_defused.svg"
        }
    },
    {
        "model": "demo_database.WinReason",
        "pk": 8,
        "fields": {
            "code": 8,
            "name": "CTWin",
            "win_side": 1,
            "image": "winreasons/ct_win.svg"
        }
    },
    {
        "model": "demo_database.WinReason",
        "pk": 9,
        "fields": {
            "code": 9,
            "name": "TerroristsWin",
            "win_side": 2,
            "image": "winreasons/t_win.svg"
        }
    },
    {
        "model": "demo_database.WinReason",
        "pk": 10,
        "fields": {
            "code": 10,
            "name": "Draw"
        }
    },
    {
        "model": "demo_database.WinReason",
        "pk": 11,
        "fields": {
            "code": 11,
            "name": "HostagesRescued",
            "win_side": 1,
            "image": "winreasons/ct_win.svg"
        }
    },
    {
        "model": "demo_database.WinReason",
        "pk": 12,
        "fields": {
            "code": 12,
            "name": "TargetSaved",
            "win_side": 1,
            "image": "winreasons/stopwatch.svg"
        }
    },
    {
        "model": "demo_database.WinReason",
        "pk": 13,
        "fields": {
            "code": 13,
            "name": "HostagesNotRescued",
            "win_side": 2
        }
    },
    {
        "model": "demo_database.WinReason",
        "pk": 14,
        "fields": {
            "code": 14,
            "name": "TerroristsNotEscaped",
            "win_side": null
        }
    },
    {
        "model": "demo_database.WinReason",
        "pk": 15,
        "fields": {
            "code": 15,
            "name": "VIPNotEscaped",
            "win_side": null
        }
    },
    {
        "model": "demo_database.WinReason",
        "pk": 16,
        "fields": {
            "code": 16,
            "name": "GameStart",
            "win_side": null
        }
    },
    {
        "model": "demo_database.WinReason",
        "pk": 17,
        "fields": {
            "code": 17,
            "name": "TerroristsSurrender",
            "win_side": 1,
            "image": "winreasons/ct_win.svg"
        }
    },
    {
        "model": "demo_database.WinReason",
        "pk": 18,
        "fields": {
            "code": 18,
            "name": "CTSurrender",
            "win_side": 2,
            "image": "winreasons/t_win.svg"
        }
    },
    {
        "model": "demo_database.BuyType",
        "pk": 1,
        "fields": {
            "code": "pistol",
            "name": "Пистолеты",
            "equipment_value_from": 0,
            "equipment_value_to": 0,
            "is_pistol": 1
        }
    },
    {
        "model": "demo_database.BuyType",
        "pk": 2,
        "fields": {
            "code": "eco",
            "name": "Экономическая закупка",
            "equipment_value_from": 0,
            "equipment_value_to": 1000,
            "is_pistol": 0
        }
    },
    {
        "model": "demo_database.BuyType",
        "pk": 3,
        "fields": {
            "code": "force",
            "name": "Форс",
            "equipment_value_from": 1001,
            "equipment_value_to": 2000,
            "is_pistol": 0
        }
    },
    {
        "model": "demo_database.BuyType",
        "pk": 4,
        "fields": {
            "code": "semi_buy",
            "name": "Неполная закупка",
            "equipment_value_from": 2001,
            "equipment_value_to": 4000,
            "is_pistol": 0
        }
    },
    {
        "model": "demo_database.BuyType",
        "pk": 5,
        "fields": {
            "code": "full_buy",
            "name": "Полная закупка",
            "equipment_value_from": 4001,
            "equipment_value_to": 160000,
            "is_pistol": 0
        }
    },
    {
        "model": "demo_database.MMRank",
        "pk": 1,
        "fields": {
            "code": 1,
            "name": "Silver 1"
        }
    },
    {
        "model": "demo_database.MMRank",
        "pk": 2,
        "fields": {
            "code": 2,
            "name": "Silver 2"
        }
    },
    {
        "model": "demo_database.MMRank",
        "pk": 3,
        "fields": {
            "code": 3,
            "name": "Silver 3"
        }
    },
    {
        "model": "demo_database.MMRank",
        "pk": 4,
        "fields": {
            "code": 4,
            "name": "Silver 4"
        }
    },
    {
        "model": "demo_database.MMRank",
        "pk": 5,
        "fields": {
            "code": 5,
            "name": "Silver Elite"
        }
    },
    {
        "model": "demo_database.MMRank",
        "pk": 6,
        "fields": {
            "code": 6,
            "name": "Silver Elite Master"
        }
    },
    {
        "model": "demo_database.MMRank",
        "pk": 7,
        "fields": {
            "code": 7,
            "name": "Gold Nova 1"
        }
    },
    {
        "model": "demo_database.MMRank",
        "pk": 8,
        "fields": {
            "code": 8,
            "name": "Gold Nova 2"
        }
    },
    {
        "model": "demo_database.MMRank",
        "pk": 9,
        "fields": {
            "code": 9,
            "name": "Gold Nova 3"
        }
    },
    {
        "model": "demo_database.MMRank",
        "pk": 10,
        "fields": {
            "code": 10,
            "name": "Gold Nova Master"
        }
    },
    {
        "model": "demo_database.MMRank",
        "pk": 11,
        "fields": {
            "code": 11,
            "name": "Master Guardian 1"
        }
    },
    {
        "model": "demo_database.MMRank",
        "pk": 12,
        "fields": {
            "code": 12,
            "name": "Master Guardian 2"
        }
    },
    {
        "model": "demo_database.MMRank",
        "pk": 13,
        "fields": {
            "code": 13,
            "name": "Master Guardian Elite"
        }
    },
    {
        "model": "demo_database.MMRank",
        "pk": 14,
        "fields": {
            "code": 14,
            "name": "Distinguished Master Guardian"
        }
    },
    {
        "model": "demo_database.MMRank",
        "pk": 15,
        "fields": {
            "code": 15,
            "name": "Legendary Eagle"
        }
    },
    {
        "model": "demo_database.MMRank",
        "pk": 16,
        "fields": {
            "code": 16,
            "name": "Legendary Eagle Master"
        }
    },
    {
        "model": "demo_database.MMRank",
        "pk": 17,
        "fields": {
            "code": 17,
            "name": "Supreme Master First Class"
        }
    },
    {
        "model": "demo_database.MMRank",
        "pk": 18,
        "fields": {
            "code": 18,
            "name": "The Global Elite"
        }
    },
    {
        "model": "demo_database.MMRank",
        "pk": 18,
        "fields": {
            "code": 0,
            "name": "None"
        }
    },
    {
        "model": "demo_database.WeaponType",
        "pk": 1,
        "fields": {
            "name": "pistols"
        }
    },
    {
        "model": "demo_database.WeaponType",
        "pk": 2,
        "fields": {
            "name": "heavy"
        }
    },
    {
        "model": "demo_database.WeaponType",
        "pk": 3,
        "fields": {
            "name": "smg"
        }
    },
    {
        "model": "demo_database.WeaponType",
        "pk": 4,
        "fields": {
            "name": "rifles"
        }
    },
    {
        "model": "demo_database.WeaponType",
        "pk": 5,
        "fields": {
            "name": "sniper"
        }
    },
    {
        "model": "demo_database.WeaponType",
        "pk": 6,
        "fields": {
            "name": "melee"
        }
    },
    {
        "model": "demo_database.WeaponType",
        "pk": 7,
        "fields": {
            "name": "grenade"
        }
    },
    {
        "model": "demo_database.Weapon",
        "pk": 1,
        "fields": {
            "name": "weapon_revolver",
            "weapon_type": 1,
            "image": "weapons/revolver.png"
        }
    },
    {
        "model": "demo_database.Weapon",
        "pk": 2,
        "fields": {
            "name": "weapon_glock",
            "weapon_type": 1,
            "image": "weapons/glock.webp"
        }
    },
    {
        "model": "demo_database.Weapon",
        "pk": 3,
        "fields": {
            "name": "weapon_usp_silencer",
            "weapon_type": 1,
            "image": "weapons/usp_silencer.webp"
        }
    },
    {
        "model": "demo_database.Weapon",
        "pk": 4,
        "fields": {
            "name": "weapon_p250",
            "weapon_type": 1,
            "image": "weapons/p250.webp"
        }
    },
    {
        "model": "demo_database.Weapon",
        "pk": 5,
        "fields": {
            "name": "weapon_deagle",
            "weapon_type": 1,
            "image": "weapons/deagle.webp"
        }
    },
    {
        "model": "demo_database.Weapon",
        "pk": 6,
        "fields": {
            "name": "weapon_elite",
            "weapon_type": 1,
            "image": "weapons/elite.webp"
        }
    },
    {
        "model": "demo_database.Weapon",
        "pk": 7,
        "fields": {
            "name": "weapon_fiveseven",
            "weapon_type": 1,
            "image": "weapons/fiveseven.webp"
        }
    },
    {
        "model": "demo_database.Weapon",
        "pk": 8,
        "fields": {
            "name": "weapon_tec9",
            "weapon_type": 1,
            "image": "weapons/tec9.webp"
        }
    },
    {
        "model": "demo_database.Weapon",
        "pk": 9,
        "fields": {
            "name": "weapon_cz75a",
            "weapon_type": 1,
            "image": "weapons/cz75a.png"
        }
    },
    {
        "model": "demo_database.Weapon",
        "pk": 10,
        "fields": {
            "name": "weapon_hkp2000",
            "weapon_type": 1,
            "image": "weapons/hkp2000.webp"
        }
    },
    {
        "model": "demo_database.Weapon",
        "pk": 11,
        "fields": {
            "name": "weapon_nova",
            "weapon_type": 2,
            "image": "weapons/nova.png"
        }
    },
    {
        "model": "demo_database.Weapon",
        "pk": 12,
        "fields": {
            "name": "weapon_xm1014",
            "weapon_type": 2,
            "image": "weapons/xm1014.png"
        }
    },
    {
        "model": "demo_database.Weapon",
        "pk": 13,
        "fields": {
            "name": "weapon_mag7",
            "weapon_type": 2,
            "image": "weapons/mag7.webp"
        }
    },
    {
        "model": "demo_database.Weapon",
        "pk": 14,
        "fields": {
            "name": "weapon_sawedoff",
            "weapon_type": 2,
            "image": "weapons/sawedoff.png"
        }
    },
    {
        "model": "demo_database.Weapon",
        "pk": 15,
        "fields": {
            "name": "weapon_negev",
            "weapon_type": 2,
            "image": "weapons/negev.png"
        }
    },
    {
        "model": "demo_database.Weapon",
        "pk": 16,
        "fields": {
            "name": "weapon_m249",
            "weapon_type": 2,
            "image": "weapons/m249.png"
        }
    },
    {
        "model": "demo_database.Weapon",
        "pk": 17,
        "fields": {
            "name": "weapon_mac10",
            "weapon_type": 3,
            "image": "weapons/mac10.webp"
        }
    },
    {
        "model": "demo_database.Weapon",
        "pk": 18,
        "fields": {
            "name": "weapon_mp9",
            "weapon_type": 3,
            "image": "weapons/mp9.webp"
        }
    },
    {
        "model": "demo_database.Weapon",
        "pk": 19,
        "fields": {
            "name": "weapon_mp7",
            "weapon_type": 3,
            "image": "weapons/mp7.png"
        }
    },
    {
        "model": "demo_database.Weapon",
        "pk": 20,
        "fields": {
            "name": "weapon_ump45",
            "weapon_type": 3,
            "image": "weapons/ump45.webp"
        }
    },
    {
        "model": "demo_database.Weapon",
        "pk": 21,
        "fields": {
            "name": "weapon_p90",
            "weapon_type": 3,
            "image": "weapons/p90.png"
        }
    },
    {
        "model": "demo_database.Weapon",
        "pk": 22,
        "fields": {
            "name": "weapon_bizon",
            "weapon_type": 3,
            "image": "weapons/bizon.png"
        }
    },
    {
        "model": "demo_database.Weapon",
        "pk": 23,
        "fields": {
            "name": "weapon_mp5sd",
            "weapon_type": 3,
            "image": "weapons/mp5sd.png"
        }
    },
    {
        "model": "demo_database.Weapon",
        "pk": 24,
        "fields": {
            "name": "weapon_galilar",
            "weapon_type": 4,
            "image": "weapons/galilar.webp"
        }
    },
    {
        "model": "demo_database.Weapon",
        "pk": 25,
        "fields": {
            "name": "weapon_famas",
            "weapon_type": 4,
            "image": "weapons/famas.webp"
        }
    },
    {
        "model": "demo_database.Weapon",
        "pk": 26,
        "fields": {
            "name": "weapon_ak47",
            "weapon_type": 4,
            "image": "weapons/ak47.webp"
        }
    },
    {
        "model": "demo_database.Weapon",
        "pk": 27,
        "fields": {
            "name": "weapon_m4a1",
            "weapon_type": 4,
            "image": "weapons/m4a1.webp"
        }
    },
    {
        "model": "demo_database.Weapon",
        "pk": 28,
        "fields": {
            "name": "weapon_m4a1_silencer",
            "weapon_type": 4,
            "image": "weapons/m4a1_silencer.webp"
        }
    },
    {
        "model": "demo_database.Weapon",
        "pk": 29,
        "fields": {
            "name": "weapon_ssg08",
            "weapon_type": 5,
            "image": "weapons/ssg08.webp"
        }
    },
    {
        "model": "demo_database.Weapon",
        "pk": 30,
        "fields": {
            "name": "weapon_sg556",
            "weapon_type": 4,
            "image": "weapons/sg556.webp"
        }
    },
    {
        "model": "demo_database.Weapon",
        "pk": 31,
        "fields": {
            "name": "weapon_aug",
            "weapon_type": 4,
            "image": "weapons/aug.webp"
        }
    },
    {
        "model": "demo_database.Weapon",
        "pk": 32,
        "fields": {
            "name": "weapon_awp",
            "weapon_type": 5,
            "image": "weapons/awp.webp"
        }
    },
    {
        "model": "demo_database.Weapon",
        "pk": 33,
        "fields": {
            "name": "weapon_scar20",
            "weapon_type": 5,
            "image": "weapons/scar20.png"
        }
    },
    {
        "model": "demo_database.Weapon",
        "pk": 34,
        "fields": {
            "name": "weapon_g3sg1",
            "weapon_type": 5,
            "image": "weapons/g3sg1.webp"
        }
    },
    {
        "model": "demo_database.Weapon",
        "pk": 35,
        "fields": {
            "name": "weapon_knife",
            "weapon_type": 6,
            "image": "weapons/knife.webp"
        }
    },
    {
        "model": "demo_database.Weapon",
        "pk": 36,
        "fields": {
            "name": "weapon_taser",
            "weapon_type": 6,
            "image": "weapons/taser.png"
        }
    },
    {
        "model": "demo_database.Weapon",
        "pk": 37,
        "fields": {
            "name": "weapon_molotov",
            "weapon_type": 7,
            "image": "weapons/molotov.png"
        }
    },
    {
        "model": "demo_database.Weapon",
        "pk": 38,
        "fields": {
            "name": "weapon_flashbang",
            "weapon_type": 7,
            "image": "weapons/flashbang.webp"
        }
    },
    {
        "model": "demo_database.Weapon",
        "pk": 39,
        "fields": {
            "name": "weapon_hegrenade",
            "weapon_type": 7,
            "image": "weapons/hegrenade.webp"
        }
    },
    {
        "model": "demo_database.Weapon",
        "pk": 40,
        "fields": {
            "name": "weapon_decoy",
            "weapon_type": 7,
            "image": "weapons/decoy.png"
        }
    },
    {
        "model": "demo_database.Weapon",
        "pk": 41,
        "fields": {
            "name": "weapon_smokegrenade",
            "weapon_type": 7,
            "image": "weapons/smoke.png"
        }
    },
    {
        "model": "demo_database.Weapon",
        "pk": 42,
        "fields": {
            "name": "weapon_incgrenade",
            "weapon_type": 7,
            "image": "weapons/incgrenade.png"
        }
    },
    {
        "model": "demo_database.Weapon",
        "pk": 43,
        "fields": {
            "name": "weapon_inferno",
            "weapon_type": 7,
            "image": "weapons/inferno.webp"
        }
    },
    {
        "model": "demo_database.HitGroup",
        "pk": 1,
        "fields": {
            "name": "8"
        }
    },
    {
        "model": "demo_database.HitGroup",
        "pk": 2,
        "fields": {
            "name": "chest"
        }
    },
    {
        "model": "demo_database.HitGroup",
        "pk": 3,
        "fields": {
            "name": "generic"
        }
    },
    {
        "model": "demo_database.HitGroup",
        "pk": 4,
        "fields": {
            "name": "head"
        }
    },
    {
        "model": "demo_database.HitGroup",
        "pk": 5,
        "fields": {
            "name": "left_arm"
        }
    },
    {
        "model": "demo_database.HitGroup",
        "pk": 6,
        "fields": {
            "name": "left_leg"
        }
    },
    {
        "model": "demo_database.HitGroup",
        "pk": 7,
        "fields": {
            "name": "right_arm"
        }
    },
    {
        "model": "demo_database.HitGroup",
        "pk": 8,
        "fields": {
            "name": "right_leg"
        }
    },
    {
        "model": "demo_database.HitGroup",
        "pk": 9,
        "fields": {
            "name": "stomach"
        }
    }
]